[
  {
    "text": "Main Navigation",
    "heading": "true"
  },
  {
    "text": "Dashboard",
    "sref": "app.dashboard",
    "icon": "fa fa-tachometer"
  },
  {
    "text": "Profile",
    "sref": "app.view-profile",
    "icon": "fa fa-user"
  },
  {
    "text": "Data Settings",
    "icon": "fa fa-cog",
    "submenu":[
      {
        "text" : "Dish Categories",
        "sref": "app.dish-categories"
      },
      {
        "text": "Area Codes",
        "sref": "app.area-codes"

      },
      {
        "text": "Delivery Time/Slots",
        "sref": "app.delivery-time-settings"

      }
    ]
  },
  {
    "text": "Kitchen",
    "icon": "fa fa-cutlery",
    "submenu":[
      {
        "text" : "View",
        "sref": "app.view-kitchen"
      },
      {
        "text": "Add",
        "sref": "app.add-kitchen"

      }
    ]
  },
  {
    "text": "Dishes",
    "icon": "fa fa-cutlery",
    "submenu":[
      {
        "text": "View",
        "sref": "app.view-dishes"
      },
      {
        "text": "Add",
        "sref": "app.add-dishes"
      }
    ]
  }
]
