[
  {

    "heading": "true"
  },
  {
    "text": "Dashboard",
    "sref": "app.admindashboard",
    "icon": "fa fa-tachometer"
  },
  {
    "text": "User",

    "icon": "fa fa-user",
    "submenu":[
      {
        "text" : "Customer",
        "sref": "app.customer"
      },
      {
        "text": "Videographer",
        "sref": "app.videographer"

      },
      {
        "text": "Project Manager",
        "sref": "app.pm"

      }
    ]
  },
  {
    "text": "Projects",
    "icon": "fa fa-pencil",
    "submenu":[
      {
        "text" : "All Projects",
        "sref": "app.allproject"
      },

      {
        "text": "Pending",
        "sref": "app.pending"

      },
      {
        "text": "In-Progress",
        "sref": "app.inprogress"

      }
    ,
      {
        "text": "Completed",
        "sref": "app.completed"

      }
    ]


  },
  {
    "text": "CMS",
    "icon": "fa fa-pencil",
    "submenu":[
      {
        "text" : "App Content",
        "sref": "app.cmsApp"
      },
      {
        "text": "Terms & conditions",
        "sref": "app.cmsTerms"

      },
      {
        "text": "Policy",
        "sref": "app.cmsPolicy"

      }
    ,
      {
        "text": "FAQ",
        "sref": "app.cmsFaq"

      }
    ]


  },
  {
    "text": "Category",
    "icon": "fa fa-cog",
    "sref": "app.category"


  },
  {
    "text": "Commission",
    "icon": "fa fa-cog",
    "sref": "app.commision"


  },
  {
    "text": "Suggestion",
    "icon": "fa fa-cog",
    "sref": "app.suggestion"
  }
]
