[{
    "label": "Complete",
    "color": "#5ab1ef",
    "data": [
        ["Jan", 188],
        ["Feb", 183],
        ["Mar", 185],
        ["Apr", 199],
        ["May", 190],
        ["Jun", 194],
        ["Jul", 194],
        ["Aug", 184],
        ["Sep", 74]
    ]
}, {
    "label": "In Progress",
    "color": "#f5994e",
    "data": [
        ["Jan", 153],
        ["Feb", 116],
        ["Mar", 136],
        ["Apr", 119],
        ["May", 148],
        ["Jun", 133],
        ["Jul", 118],
        ["Aug", 161],
        ["Sep", 59]
    ],
  "yaxis":2

}]